{
    "Track": [
    {
        "Song": "Tweezer",
        "Artist": "Phish",
        "Album": "Magnaball August 22, 2015",
        "AlbumArt": "../../phish_magna_Aug22.jpg",
        "ReleaseDate": "August 22, 2015",
        "Website": "http://www.phish.com/",
        "Genre": "Rock/ Jam Band"
    },
    {
        "Song": "Puppet String",
        "Artist": "Umphrey's McGee",
        "Album": "Similar Skin",
        "AlbumArt": "../../um_similar_skin.jpeg",
        "ReleaseDate": "June 10, 2012",
        "Website": "http://www.umphreys.com/",
        "Genre": "Progressive Rock"
    },
    {
        "Song": "Lebanese Blonde",
        "Artist": "Thievery Corporation",
        "Album": "Richest Man in Babylon",
        "AlbumArt": "../../thievery_babylon.jpeg",
        "ReleaseDate": "September 17, 2002",
        "Website": "http://www.thieverycorporation.com/",
        "Genre": "Lounge/ Trip Hop"
    },
    {
        "Song": "Busy Earnin'",
        "Artist": "Jungle",
        "Album": "Jungle",
        "AlbumArt": "../../jungle_jungle.jpeg",
        "ReleaseDate": "July 14, 2014",
        "Website": "http://junglejunglejungle.com/",
        "Genre": "Neo-soul"
    },
     {
        "Song": "Dixie Chicken",
        "Artist": "Little Feat",
        "Album": "Dixie Chicken",
        "AlbumArt": "../../Little_Feat_Dixie_Chicken.jpg",
        "Genre": "Southern Rock/Blues",
        "Website": "http://www.littlefeat.net/",
        "ReleaseDate": "January 25, 1973"
    }
    ]
}
    

    
